{
	"rootDirectory" : "Krane:/Users/krane/kin/nuKin/material/",
	"soundsets" : 	{
		"acousticGuitar" : 		{
			"ag_arp.wav" : [ 0.071766276403607, 0.408163265306122, 0.123015873015873 ],
			"ag_flamenco_1.wav" : [ 0.349860597467583, 0.165532879818594, 0.138888888888889 ],
			"ag_flamenco_2.wav" : [ 0.602537695638616, 0.151927437641723, 0.141156462585034 ],
			"ag_flamenco_3.wav" : [ 0.862690447601691, 0.163265306122449, 0.16156462585034 ],
			"ag_flamenco_4.wav" : [ 0.094193237779734, 0.170068027210884, 0.154761904761904 ],
			"ag_flamenco_5.wav" : [ 0.946417770072566, 0.428571428571429, 0.123015873015873 ],
			"ag_kora_arp.wav" : [ 0.723643287069703, 0.419501133786848, 0.129818594104308 ],
			"ag_kora_nimble.wav" : [ 0.52030550392615, 0.403628117913832, 0.116213151927437 ],
			"ag_scrape_1.wav" : [ 0.909039501112354, 0.875283446712018, 0.154761904761905 ],
			"ag_scrape_10.wav" : [ 0.659352664458138, 0.879818594104308, 0.159297052154195 ],
			"ag_scrape_11.wav" : [ 0.399199912495063, 0.893424036281179, 0.147959183673469 ],
			"ag_scrape_2.wav" : [ 0.11811532991427, 0.895691609977324, 0.132086167800453 ],
			"ag_scrape_3.wav" : [ 0.095688368538142, 0.671201814058957, 0.113945578231292 ],
			"ag_scrape_4.wav" : [ 0.309492066990555, 0.671201814058957, 0.127551020408163 ],
			"ag_scrape_5.wav" : [ 0.935951854763706, 0.671201814058957, 0.111678004535147 ],
			"ag_scrape_6.wav" : [ 0.740089725412196, 0.64172335600907, 0.134353741496598 ],
			"ag_scrape_7.wav" : [ 0.544227596060685, 0.643990929705215, 0.125283446712018 ],
			"ag_strum.wav" : [ 0.318462851541006, 0.412698412698413, 0.127551020408163 ]
		}
,
		"debris" : 		{
			"crash_building.wav" : [ 0.152503337357665, 0.172335600907029, 0.193310657596372 ],
			"crash_car.wav" : [ 0.47096618889867, 0.158730158730159, 0.186507936507936 ],
			"crash_glass.wav" : [ 0.813351132574211, 0.163265306122449, 0.184240362811791 ],
			"crash_rocksTumble.wav" : [ 0.867175839876916, 0.435374149659864, 0.163832199546485 ],
			"debLayer_closeBirds.wav" : [ 0.168949775700158, 0.827664399092971, 0.209183673469387 ],
			"debLayer_craneMetal.wav" : [ 0.521800634684558, 0.848072562358277, 0.191043083900227 ],
			"debLayer_cricketWood.wav" : [ 0.87315636291055, 0.836734693877551, 0.202380952380952 ],
			"drum_breathShatter.wav" : [ 0.136056899015171, 0.501133786848073, 0.179705215419501 ],
			"tumble_shatter.wav" : [ 0.488907757999572, 0.419501133786848, 0.147959183673469 ],
			"glass_shards_2.wav" : [ 0.3528508589844, 0.655328798185941, 0.154761904761904 ],
			"glitch_hunger.wav" : [ 0.662342925974955, 0.605442176870748, 0.154761904761905 ]
		}
,
		"trinDrum" : 		{
			"tabla_classic.wav" : [ 0.139047160531988, 0.167800453514739, 0.17063492063492 ],
			"tabla_modern.wav" : [ 0.411160958562331, 0.192743764172336, 0.177437641723356 ],
			"tabla_quickSlap.wav" : [ 0.926981070213255, 0.197278911564626, 0.175170068027211 ],
			"tabla_slow.wav" : [ 0.674303972042223, 0.197278911564626, 0.184240362811791 ],
			"steelpan_a_top.wav" : [ 0.145027683565622, 0.931972789115646, 0.168367346938775 ],
			"steelpan_c_top.wav" : [ 0.484422365724346, 0.922902494331066, 0.197845804988662 ],
			"steelpan_click_plong.wav" : [ 0.714672502519252, 0.587301587301587, 0.206916099773242 ],
			"steelpan_f_low.wav" : [ 0.820826786366254, 0.925170068027211, 0.188775510204081 ],
			"steelpan_plonkplonk.wav" : [ 0.260152751963075, 0.587301587301587, 0.225056689342404 ]
		}
,
		"hundredVox" : 		{
			"inno_choralStack.wav" : [ 0.11811532991427, 0.825396825396825, 0.186507936507936 ],
			"inno_dununu_1.wav" : [ 0.142037422048805, 0.19047619047619, 0.181972789115645 ],
			"inno_dununu_2.wav" : [ 0.433587919938458, 0.163265306122449, 0.175170068027211 ],
			"inno_dununu_3.wav" : [ 0.687760148867899, 0.158730158730159, 0.175170068027211 ],
			"inno_dununu_4.wav" : [ 0.940437247038932, 0.170068027210884, 0.175170068027211 ],
			"inno_dununu_5.wav" : [ 0.097183499296551, 0.494331065759637, 0.159297052154195 ],
			"inno_inMyHead.wav" : [ 0.877641755185776, 0.816326530612245, 0.202380952380952 ],
			"inno_innocent.wav" : [ 0.49040288875798, 0.827664399092971, 0.211451247165533 ],
			"inno_inside.wav" : [ 0.87315636291055, 0.473922902494331, 0.152494331065759 ],
			"inno_wonder.wav" : [ 0.5, 0.5, 0.25 ]
		}

	}

}
