{
	"rootDirectory" : "Krane:/Users/krane/kin/nuKin/material/",
	"soundsets" : 	{
		"folinet" : 		{
			"clarinet_acrobat.wav" : [ 0.456014881314585, 0.192743764172336, 0.175170068027211 ],
			"clarinet_bluejay.wav" : [ 0.768497209821957, 0.485260770975057, 0.159297052154195 ],
			"clarinet_condor.wav" : [ 0.73560433313697, 0.72562358276644, 0.172902494331066 ],
			"clarinet_condor_high.wav" : [ 0.536751942268643, 0.834467120181406, 0.179705215419501 ],
			"clarinet_LOW.wav" : [ 0.204832913901961, 0.535147392290249, 0.17063492063492 ],
			"cloth_mvmt1.wav" : [ 0.258657621204666, 0.306122448979592, 0.172902494331066 ],
			"paper_crumple.wav" : [ 0.645896487632462, 0.253968253968254, 0.16609977324263 ],
			"paper_tear_2.wav" : [ 0.284074844097611, 0.768707482993197, 0.177437641723356 ]
		}
,
		"guitar" : 		{
			"guitar_string_scrape.wav" : [ 0.717662764036069, 0.247165532879819, 0.25 ],
			"guitar_stringJangle.wav" : [ 0.236230659828539, 0.251700680272109, 0.25 ],
			"guitar_stringSlide.wav" : [ 0.230250136794905, 0.780045351473923, 0.25 ],
			"guitar_muted.wav" : [ 0.761021556029915, 0.757369614512472, 0.25 ],
			"earthflesh_acousticStrike.wav" : [ 0.5, 0.5, 0.25 ]
		}
,
		"plastics" : 		{
			"plastic_balloon_squeak.wav" : [ 0.203337783143553, 0.242630385487528, 0.181972789115646 ],
			"plastic_bottle_twist.wav" : [ 0.485917496482755, 0.294784580498866, 0.163832199546485 ],
			"plastic_creaking.wav" : [ 0.159978991149707, 0.605442176870748, 0.193310657596372 ],
			"plastic_cup_squash.wav" : [ 0.789429040439676, 0.303854875283447, 0.159297052154195 ],
			"plastic_grip.wav" : [ 0.793914432714901, 0.63265306122449, 0.206916099773243 ],
			"plastic_scratch_1.wav" : [ 0.337899551400316, 0.850340136054422, 0.170634920634921 ],
			"plastic_scratch_2.wav" : [ 0.689255279626308, 0.848072562358277, 0.191043083900227 ],
			"plastic_stretch.wav" : [ 0.497878542550023, 0.537414965986395, 0.206916099773243 ]
		}
,
		"paper" : 		{
			"paper_crumple.wav" : [ 0.168949775700158, 0.235827664399093, 0.25 ],
			"paper_handling.wav" : [ 0.557683772886362, 0.235827664399093, 0.25 ],
			"paper_peel.wav" : [ 0.846244009259198, 0.290249433106576, 0.25 ],
			"paper_scrape.wav" : [ 0.19586212935151, 0.616780045351474, 0.25 ],
			"paper_slide.wav" : [ 0.858205055326466, 0.594104308390023, 0.25 ],
			"paper_tear_1.wav" : [ 0.348365466709175, 0.90249433106576, 0.25 ],
			"paper_tear_2.wav" : [ 0.654867272182913, 0.825396825396825, 0.25 ],
			"paper_tear_3.wav" : [ 0.493393150274797, 0.530612244897959, 0.25 ]
		}
,
		"sport_string" : 		{
			"strings_plonkSlide.wav" : [ 0.787933909681267, 0.773242630385488, 0.25 ],
			"strings_slidey.wav" : [ 0.789429040439676, 0.226757369614512, 0.25 ],
			"sport_basketBall.wav" : [ 0.240716052103765, 0.81859410430839, 0.25 ],
			"sports_tennis.wav" : [ 0.204832913901961, 0.217687074829932, 0.25 ],
			"sitar_pluckpluck.wav" : [ 0.644401356874053, 0.505668934240363, 0.25 ]
		}
,
		"mech_ind" : 		{
			"veena_slidey.wav" : [ 0.790924171198084, 0.217687074829932, 0.25 ],
			"startup_95clean.wav" : [ 0.162969252666524, 0.560090702947846, 0.25 ],
			"flur_brrrrr.wav" : [ 0.506849327100473, 0.82312925170068, 0.25 ],
			"flute_bhajan.wav" : [ 0.81484626333262, 0.619047619047619, 0.25 ],
			"glass_shards.wav" : [ 0.182405952525834, 0.276643990929705, 0.25 ],
			"mech_typewrite.wav" : [ 0.454519750556177, 0.158730158730159, 0.25 ],
			"mech_carriage.wav" : [ 0.5, 0.5, 0.25 ]
		}
,
		"glitch_drum" : 		{
			"mic_bump.wav" : [ 0.227259875278088, 0.26984126984127, 0.25 ],
			"glitch_hunger.wav" : [ 0.509839588617291, 0.208616780045351, 0.25 ],
			"drums_tambor.wav" : [ 0.778963125130816, 0.414965986394558, 0.25 ],
			"drum_breathShatter.wav" : [ 0.204832913901961, 0.671201814058957, 0.25 ],
			"cloth_mvmt1.wav" : [ 0.475451581173896, 0.827664399092971, 0.25 ],
			"tumble_shatter.wav" : [ 0.482927234965938, 0.54421768707483, 0.25 ],
			"vocal_hundredDuNuNu.wav" : [ 0.796904694231718, 0.770975056689342, 0.25 ]
		}

	}

}
